{"cameraMode":{"drawMode":0,"name":"Shaded","section":"Shading Mode"},"sceneLighting":true,"audioPlay":false,"sceneViewState":{"showFog":true,"showMaterialUpdate":true,"showSkybox":true,"showFlares":true,"showImageEffects":true,"showParticleSystems":true},"in2DMode":false,"pivot":{"x":272.7138366699219,"y":41.62811279296875,"z":-8.55461311340332},"rotation":{"x":-0.1286729872226715,"y":0.7384578585624695,"z":-0.1472415030002594,"w":-0.645328164100647},"size":85.47109985351563,"orthographic":false}