{"cameraMode":{"drawMode":0,"name":"Shaded","section":"Shading Mode"},"sceneLighting":true,"audioPlay":false,"sceneViewState":{"showFog":true,"showMaterialUpdate":true,"showSkybox":true,"showFlares":true,"showImageEffects":true,"showParticleSystems":true},"in2DMode":false,"pivot":{"x":336.1131896972656,"y":68.8022689819336,"z":5.703311443328857},"rotation":{"x":-0.20513063669204713,"y":0.6605015993118286,"z":-0.1948096603155136,"w":-0.6954959630966187},"size":12.771727561950684,"orthographic":false}