{"cameraMode":{"drawMode":0,"name":"Shaded","section":"Shading Mode"},"sceneLighting":true,"audioPlay":false,"sceneViewState":{"showFog":true,"showMaterialUpdate":true,"showSkybox":true,"showFlares":true,"showImageEffects":true,"showParticleSystems":true},"in2DMode":false,"pivot":{"x":329.3813171386719,"y":67.92621612548828,"z":2.2698771953582765},"rotation":{"x":-0.0873265191912651,"y":0.7950747609138489,"z":-0.11797752231359482,"w":-0.5885151624679565},"size":16.625240325927736,"orthographic":false}