{"cameraMode":{"drawMode":0,"name":"Shaded","section":"Shading Mode"},"sceneLighting":true,"audioPlay":false,"sceneViewState":{"showFog":true,"showMaterialUpdate":true,"showSkybox":true,"showFlares":true,"showImageEffects":true,"showParticleSystems":true},"in2DMode":false,"pivot":{"x":272.3310546875,"y":41.4984245300293,"z":-5.321725368499756},"rotation":{"x":-0.1286729872226715,"y":0.7384578585624695,"z":-0.1472415030002594,"w":-0.645328164100647},"size":77.00944519042969,"orthographic":false}