{"cameraMode":{"drawMode":0,"name":"Shaded","section":"Shading Mode"},"sceneLighting":false,"audioPlay":false,"sceneViewState":{"showFog":true,"showMaterialUpdate":true,"showSkybox":false,"showFlares":true,"showImageEffects":true,"showParticleSystems":true},"in2DMode":false,"pivot":{"x":0.00038461387157440186,"y":0.4153369069099426,"z":-4.470348358154297e-8},"rotation":{"x":-0.1286729872226715,"y":0.7384578585624695,"z":-0.1472415030002594,"w":-0.645328164100647},"size":1.6601347923278809,"orthographic":false}